Nelem,Ndof,V,P,Tf
63744,46048,8.0,1.404740050380867578e+00,3.039104256841761185e+02
158074,112160,8.0,1.500207951806328710e+00,3.177386680432255730e+02
451005,314080,8.0,1.553362153286078184e+00,3.254239347945710961e+02
1110316,765984,8.0,1.586169749666255901e+00,3.300853155380664816e+02