Nelem,Ndof,V,P,Tf
63744,46048,8.0,1.433630049797520956e+00,3.039128737221270740e+02
158074,112160,8.0,1.530950355150479503e+00,3.177217574433356049e+02
451005,314080,8.0,1.585112103515422755e+00,3.253921363441237986e+02