Nelem,Ndof,V,P,Tf
63744,46048,7.0,1.626853573526593211e+00,3.428378216157328779e+02
158074,112160,7.0,1.732402947114944025e+00,3.575850577451192862e+02
451005,314080,7.0,1.791172592175601208e+00,3.657837942601073564e+02
1110316,765984,7.0,1.827095214047094851e+00,3.706917935895733081e+02